1,Cloud mixing ratio [kg/kg],1[-] HYBL="Hybrid level"
2,Ice water mixing ratio [kg/kg],1[-] HYBL="Hybrid level"
3,Rain mixing ratio [kg/kg],1[-] HYBL="Hybrid level"
4,Snow mixing ratio [kg/kg],1[-] HYBL="Hybrid level"
5,Graupel (snow pellets) [kg/kg],1[-] HYBL="Hybrid level"
6,Maximum / Composite radar reflectivity [dB],0[-] RESERVED(10) (Reserved)
7,Visibility [m],0[-] SFC="Ground or water surface"
8,u-component of wind [m/s],0[-] RESERVED(220) (Reserved Local use)
9,v-component of wind [m/s],0[-] RESERVED(220) (Reserved Local use)
10,|(prodType 0, cat 2, subcat 224) [-]|,0[-] RESERVED(220) (Reserved Local use)
11,Wind speed (gust) [m/s],0[-] SFC="Ground or water surface"
12,Geopotential height [gpm],40[Pa] ISBL="Isobaric surface"
13,Temperature [C],40[Pa] ISBL="Isobaric surface"
14,Absolute vorticity [1/s],40[Pa] ISBL="Isobaric surface"
15,Ozone Mixing Ratio [kg/kg],40[Pa] ISBL="Isobaric surface"
16,Geopotential height [gpm],100[Pa] ISBL="Isobaric surface"
17,Temperature [C],100[Pa] ISBL="Isobaric surface"
18,Relative humidity [%],100[Pa] ISBL="Isobaric surface"
19,u-component of wind [m/s],100[Pa] ISBL="Isobaric surface"
20,v-component of wind [m/s],100[Pa] ISBL="Isobaric surface"
21,Ozone Mixing Ratio [kg/kg],100[Pa] ISBL="Isobaric surface"
22,Geopotential height [gpm],200[Pa] ISBL="Isobaric surface"
23,Temperature [C],200[Pa] ISBL="Isobaric surface"
24,Relative humidity [%],200[Pa] ISBL="Isobaric surface"
25,u-component of wind [m/s],200[Pa] ISBL="Isobaric surface"
26,v-component of wind [m/s],200[Pa] ISBL="Isobaric surface"
27,Ozone Mixing Ratio [kg/kg],200[Pa] ISBL="Isobaric surface"
28,Geopotential height [gpm],300[Pa] ISBL="Isobaric surface"
29,Temperature [C],300[Pa] ISBL="Isobaric surface"
30,Relative humidity [%],300[Pa] ISBL="Isobaric surface"
31,u-component of wind [m/s],300[Pa] ISBL="Isobaric surface"
32,v-component of wind [m/s],300[Pa] ISBL="Isobaric surface"
33,Ozone Mixing Ratio [kg/kg],300[Pa] ISBL="Isobaric surface"
34,Geopotential height [gpm],500[Pa] ISBL="Isobaric surface"
35,Temperature [C],500[Pa] ISBL="Isobaric surface"
36,Relative humidity [%],500[Pa] ISBL="Isobaric surface"
37,u-component of wind [m/s],500[Pa] ISBL="Isobaric surface"
38,v-component of wind [m/s],500[Pa] ISBL="Isobaric surface"
39,Ozone Mixing Ratio [kg/kg],500[Pa] ISBL="Isobaric surface"
40,Geopotential height [gpm],700[Pa] ISBL="Isobaric surface"
41,Temperature [C],700[Pa] ISBL="Isobaric surface"
42,Relative humidity [%],700[Pa] ISBL="Isobaric surface"
43,u-component of wind [m/s],700[Pa] ISBL="Isobaric surface"
44,v-component of wind [m/s],700[Pa] ISBL="Isobaric surface"
45,Ozone Mixing Ratio [kg/kg],700[Pa] ISBL="Isobaric surface"
46,Geopotential height [gpm],1000[Pa] ISBL="Isobaric surface"
47,Temperature [C],1000[Pa] ISBL="Isobaric surface"
48,Relative humidity [%],1000[Pa] ISBL="Isobaric surface"
49,u-component of wind [m/s],1000[Pa] ISBL="Isobaric surface"
50,v-component of wind [m/s],1000[Pa] ISBL="Isobaric surface"
51,Absolute vorticity [1/s],1000[Pa] ISBL="Isobaric surface"
52,Ozone Mixing Ratio [kg/kg],1000[Pa] ISBL="Isobaric surface"
53,Geopotential height [gpm],1500[Pa] ISBL="Isobaric surface"
54,Temperature [C],1500[Pa] ISBL="Isobaric surface"
55,Absolute vorticity [1/s],1500[Pa] ISBL="Isobaric surface"
56,Ozone Mixing Ratio [kg/kg],1500[Pa] ISBL="Isobaric surface"
57,Geopotential height [gpm],2000[Pa] ISBL="Isobaric surface"
58,Temperature [C],2000[Pa] ISBL="Isobaric surface"
59,Relative humidity [%],2000[Pa] ISBL="Isobaric surface"
60,u-component of wind [m/s],2000[Pa] ISBL="Isobaric surface"
61,v-component of wind [m/s],2000[Pa] ISBL="Isobaric surface"
62,Absolute vorticity [1/s],2000[Pa] ISBL="Isobaric surface"
63,Ozone Mixing Ratio [kg/kg],2000[Pa] ISBL="Isobaric surface"
64,Geopotential height [gpm],3000[Pa] ISBL="Isobaric surface"
65,Temperature [C],3000[Pa] ISBL="Isobaric surface"
66,Relative humidity [%],3000[Pa] ISBL="Isobaric surface"
67,u-component of wind [m/s],3000[Pa] ISBL="Isobaric surface"
68,v-component of wind [m/s],3000[Pa] ISBL="Isobaric surface"
69,Absolute vorticity [1/s],3000[Pa] ISBL="Isobaric surface"
70,Ozone Mixing Ratio [kg/kg],3000[Pa] ISBL="Isobaric surface"
71,Geopotential height [gpm],4000[Pa] ISBL="Isobaric surface"
72,Temperature [C],4000[Pa] ISBL="Isobaric surface"
73,Absolute vorticity [1/s],4000[Pa] ISBL="Isobaric surface"
74,Ozone Mixing Ratio [kg/kg],4000[Pa] ISBL="Isobaric surface"
75,Geopotential height [gpm],5000[Pa] ISBL="Isobaric surface"
76,Temperature [C],5000[Pa] ISBL="Isobaric surface"
77,Relative humidity [%],5000[Pa] ISBL="Isobaric surface"
78,Total cloud cover [%],5000[Pa] ISBL="Isobaric surface"
79,u-component of wind [m/s],5000[Pa] ISBL="Isobaric surface"
80,v-component of wind [m/s],5000[Pa] ISBL="Isobaric surface"
81,Absolute vorticity [1/s],5000[Pa] ISBL="Isobaric surface"
82,Cloud mixing ratio [kg/kg],5000[Pa] ISBL="Isobaric surface"
83,Ice water mixing ratio [kg/kg],5000[Pa] ISBL="Isobaric surface"
84,Rain mixing ratio [kg/kg],5000[Pa] ISBL="Isobaric surface"
85,Snow mixing ratio [kg/kg],5000[Pa] ISBL="Isobaric surface"
86,Graupel (snow pellets) [kg/kg],5000[Pa] ISBL="Isobaric surface"
87,Ozone Mixing Ratio [kg/kg],5000[Pa] ISBL="Isobaric surface"
88,Geopotential height [gpm],7000[Pa] ISBL="Isobaric surface"
89,Temperature [C],7000[Pa] ISBL="Isobaric surface"
90,Relative humidity [%],7000[Pa] ISBL="Isobaric surface"
91,u-component of wind [m/s],7000[Pa] ISBL="Isobaric surface"
92,v-component of wind [m/s],7000[Pa] ISBL="Isobaric surface"
93,Absolute vorticity [1/s],7000[Pa] ISBL="Isobaric surface"
94,Ozone Mixing Ratio [kg/kg],7000[Pa] ISBL="Isobaric surface"
95,Geopotential height [gpm],10000[Pa] ISBL="Isobaric surface"
96,Temperature [C],10000[Pa] ISBL="Isobaric surface"
97,Relative humidity [%],10000[Pa] ISBL="Isobaric surface"
98,Total cloud cover [%],10000[Pa] ISBL="Isobaric surface"
99,Vertical velocity (pressure) [Pa/s],10000[Pa] ISBL="Isobaric surface"
100,Verical velocity (geometric) [m/s],10000[Pa] ISBL="Isobaric surface"
101,u-component of wind [m/s],10000[Pa] ISBL="Isobaric surface"
102,v-component of wind [m/s],10000[Pa] ISBL="Isobaric surface"
103,Absolute vorticity [1/s],10000[Pa] ISBL="Isobaric surface"
104,Cloud mixing ratio [kg/kg],10000[Pa] ISBL="Isobaric surface"
105,Ice water mixing ratio [kg/kg],10000[Pa] ISBL="Isobaric surface"
106,Rain mixing ratio [kg/kg],10000[Pa] ISBL="Isobaric surface"
107,Snow mixing ratio [kg/kg],10000[Pa] ISBL="Isobaric surface"
108,Graupel (snow pellets) [kg/kg],10000[Pa] ISBL="Isobaric surface"
109,Icing severity [-],10000[Pa] ISBL="Isobaric surface"
110,Ozone Mixing Ratio [kg/kg],10000[Pa] ISBL="Isobaric surface"
111,Geopotential height [gpm],15000[Pa] ISBL="Isobaric surface"
112,Temperature [C],15000[Pa] ISBL="Isobaric surface"
113,Relative humidity [%],15000[Pa] ISBL="Isobaric surface"
114,Total cloud cover [%],15000[Pa] ISBL="Isobaric surface"
115,Vertical velocity (pressure) [Pa/s],15000[Pa] ISBL="Isobaric surface"
116,Verical velocity (geometric) [m/s],15000[Pa] ISBL="Isobaric surface"
117,u-component of wind [m/s],15000[Pa] ISBL="Isobaric surface"
118,v-component of wind [m/s],15000[Pa] ISBL="Isobaric surface"
119,Absolute vorticity [1/s],15000[Pa] ISBL="Isobaric surface"
120,Cloud mixing ratio [kg/kg],15000[Pa] ISBL="Isobaric surface"
121,Ice water mixing ratio [kg/kg],15000[Pa] ISBL="Isobaric surface"
122,Rain mixing ratio [kg/kg],15000[Pa] ISBL="Isobaric surface"
123,Snow mixing ratio [kg/kg],15000[Pa] ISBL="Isobaric surface"
124,Graupel (snow pellets) [kg/kg],15000[Pa] ISBL="Isobaric surface"
125,Icing severity [-],15000[Pa] ISBL="Isobaric surface"
126,Ozone Mixing Ratio [kg/kg],15000[Pa] ISBL="Isobaric surface"
127,Geopotential height [gpm],20000[Pa] ISBL="Isobaric surface"
128,Temperature [C],20000[Pa] ISBL="Isobaric surface"
129,Relative humidity [%],20000[Pa] ISBL="Isobaric surface"
130,Total cloud cover [%],20000[Pa] ISBL="Isobaric surface"
131,Vertical velocity (pressure) [Pa/s],20000[Pa] ISBL="Isobaric surface"
132,Verical velocity (geometric) [m/s],20000[Pa] ISBL="Isobaric surface"
133,u-component of wind [m/s],20000[Pa] ISBL="Isobaric surface"
134,v-component of wind [m/s],20000[Pa] ISBL="Isobaric surface"
135,Absolute vorticity [1/s],20000[Pa] ISBL="Isobaric surface"
136,Cloud mixing ratio [kg/kg],20000[Pa] ISBL="Isobaric surface"
137,Ice water mixing ratio [kg/kg],20000[Pa] ISBL="Isobaric surface"
138,Rain mixing ratio [kg/kg],20000[Pa] ISBL="Isobaric surface"
139,Snow mixing ratio [kg/kg],20000[Pa] ISBL="Isobaric surface"
140,Graupel (snow pellets) [kg/kg],20000[Pa] ISBL="Isobaric surface"
141,Icing severity [-],20000[Pa] ISBL="Isobaric surface"
142,Ozone Mixing Ratio [kg/kg],20000[Pa] ISBL="Isobaric surface"
143,Geopotential height [gpm],25000[Pa] ISBL="Isobaric surface"
144,Temperature [C],25000[Pa] ISBL="Isobaric surface"
145,Relative humidity [%],25000[Pa] ISBL="Isobaric surface"
146,Total cloud cover [%],25000[Pa] ISBL="Isobaric surface"
147,Vertical velocity (pressure) [Pa/s],25000[Pa] ISBL="Isobaric surface"
148,Verical velocity (geometric) [m/s],25000[Pa] ISBL="Isobaric surface"
149,u-component of wind [m/s],25000[Pa] ISBL="Isobaric surface"
150,v-component of wind [m/s],25000[Pa] ISBL="Isobaric surface"
151,Absolute vorticity [1/s],25000[Pa] ISBL="Isobaric surface"
152,Cloud mixing ratio [kg/kg],25000[Pa] ISBL="Isobaric surface"
153,Ice water mixing ratio [kg/kg],25000[Pa] ISBL="Isobaric surface"
154,Rain mixing ratio [kg/kg],25000[Pa] ISBL="Isobaric surface"
155,Snow mixing ratio [kg/kg],25000[Pa] ISBL="Isobaric surface"
156,Graupel (snow pellets) [kg/kg],25000[Pa] ISBL="Isobaric surface"
157,Icing severity [-],25000[Pa] ISBL="Isobaric surface"
158,Ozone Mixing Ratio [kg/kg],25000[Pa] ISBL="Isobaric surface"
159,Geopotential height [gpm],30000[Pa] ISBL="Isobaric surface"
160,Temperature [C],30000[Pa] ISBL="Isobaric surface"
161,Relative humidity [%],30000[Pa] ISBL="Isobaric surface"
162,Total cloud cover [%],30000[Pa] ISBL="Isobaric surface"
163,Vertical velocity (pressure) [Pa/s],30000[Pa] ISBL="Isobaric surface"
164,Verical velocity (geometric) [m/s],30000[Pa] ISBL="Isobaric surface"
165,u-component of wind [m/s],30000[Pa] ISBL="Isobaric surface"
166,v-component of wind [m/s],30000[Pa] ISBL="Isobaric surface"
167,Absolute vorticity [1/s],30000[Pa] ISBL="Isobaric surface"
168,Cloud mixing ratio [kg/kg],30000[Pa] ISBL="Isobaric surface"
169,Ice water mixing ratio [kg/kg],30000[Pa] ISBL="Isobaric surface"
170,Rain mixing ratio [kg/kg],30000[Pa] ISBL="Isobaric surface"
171,Snow mixing ratio [kg/kg],30000[Pa] ISBL="Isobaric surface"
172,Graupel (snow pellets) [kg/kg],30000[Pa] ISBL="Isobaric surface"
173,Icing severity [-],30000[Pa] ISBL="Isobaric surface"
174,Ozone Mixing Ratio [kg/kg],30000[Pa] ISBL="Isobaric surface"
175,Geopotential height [gpm],35000[Pa] ISBL="Isobaric surface"
176,Temperature [C],35000[Pa] ISBL="Isobaric surface"
177,Relative humidity [%],35000[Pa] ISBL="Isobaric surface"
178,Total cloud cover [%],35000[Pa] ISBL="Isobaric surface"
179,Vertical velocity (pressure) [Pa/s],35000[Pa] ISBL="Isobaric surface"
180,Verical velocity (geometric) [m/s],35000[Pa] ISBL="Isobaric surface"
181,u-component of wind [m/s],35000[Pa] ISBL="Isobaric surface"
182,v-component of wind [m/s],35000[Pa] ISBL="Isobaric surface"
183,Absolute vorticity [1/s],35000[Pa] ISBL="Isobaric surface"
184,Cloud mixing ratio [kg/kg],35000[Pa] ISBL="Isobaric surface"
185,Ice water mixing ratio [kg/kg],35000[Pa] ISBL="Isobaric surface"
186,Rain mixing ratio [kg/kg],35000[Pa] ISBL="Isobaric surface"
187,Snow mixing ratio [kg/kg],35000[Pa] ISBL="Isobaric surface"
188,Graupel (snow pellets) [kg/kg],35000[Pa] ISBL="Isobaric surface"
189,Icing severity [-],35000[Pa] ISBL="Isobaric surface"
190,Ozone Mixing Ratio [kg/kg],35000[Pa] ISBL="Isobaric surface"
191,Geopotential height [gpm],40000[Pa] ISBL="Isobaric surface"
192,Temperature [C],40000[Pa] ISBL="Isobaric surface"
193,Relative humidity [%],40000[Pa] ISBL="Isobaric surface"
194,Total cloud cover [%],40000[Pa] ISBL="Isobaric surface"
195,Vertical velocity (pressure) [Pa/s],40000[Pa] ISBL="Isobaric surface"
196,Verical velocity (geometric) [m/s],40000[Pa] ISBL="Isobaric surface"
197,u-component of wind [m/s],40000[Pa] ISBL="Isobaric surface"
198,v-component of wind [m/s],40000[Pa] ISBL="Isobaric surface"
199,Absolute vorticity [1/s],40000[Pa] ISBL="Isobaric surface"
200,Cloud mixing ratio [kg/kg],40000[Pa] ISBL="Isobaric surface"
201,Ice water mixing ratio [kg/kg],40000[Pa] ISBL="Isobaric surface"
202,Rain mixing ratio [kg/kg],40000[Pa] ISBL="Isobaric surface"
203,Snow mixing ratio [kg/kg],40000[Pa] ISBL="Isobaric surface"
204,Graupel (snow pellets) [kg/kg],40000[Pa] ISBL="Isobaric surface"
205,Icing severity [-],40000[Pa] ISBL="Isobaric surface"
206,Ozone Mixing Ratio [kg/kg],40000[Pa] ISBL="Isobaric surface"
207,Geopotential height [gpm],45000[Pa] ISBL="Isobaric surface"
208,Temperature [C],45000[Pa] ISBL="Isobaric surface"
209,Relative humidity [%],45000[Pa] ISBL="Isobaric surface"
210,Total cloud cover [%],45000[Pa] ISBL="Isobaric surface"
211,Vertical velocity (pressure) [Pa/s],45000[Pa] ISBL="Isobaric surface"
212,Verical velocity (geometric) [m/s],45000[Pa] ISBL="Isobaric surface"
213,u-component of wind [m/s],45000[Pa] ISBL="Isobaric surface"
214,v-component of wind [m/s],45000[Pa] ISBL="Isobaric surface"
215,Absolute vorticity [1/s],45000[Pa] ISBL="Isobaric surface"
216,Cloud mixing ratio [kg/kg],45000[Pa] ISBL="Isobaric surface"
217,Ice water mixing ratio [kg/kg],45000[Pa] ISBL="Isobaric surface"
218,Rain mixing ratio [kg/kg],45000[Pa] ISBL="Isobaric surface"
219,Snow mixing ratio [kg/kg],45000[Pa] ISBL="Isobaric surface"
220,Graupel (snow pellets) [kg/kg],45000[Pa] ISBL="Isobaric surface"
221,Icing severity [-],45000[Pa] ISBL="Isobaric surface"
222,Geopotential height [gpm],50000[Pa] ISBL="Isobaric surface"
223,Temperature [C],50000[Pa] ISBL="Isobaric surface"
224,Relative humidity [%],50000[Pa] ISBL="Isobaric surface"
225,Total cloud cover [%],50000[Pa] ISBL="Isobaric surface"
226,Vertical velocity (pressure) [Pa/s],50000[Pa] ISBL="Isobaric surface"
227,Verical velocity (geometric) [m/s],50000[Pa] ISBL="Isobaric surface"
228,u-component of wind [m/s],50000[Pa] ISBL="Isobaric surface"
229,v-component of wind [m/s],50000[Pa] ISBL="Isobaric surface"
230,Absolute vorticity [1/s],50000[Pa] ISBL="Isobaric surface"
231,Cloud mixing ratio [kg/kg],50000[Pa] ISBL="Isobaric surface"
232,Ice water mixing ratio [kg/kg],50000[Pa] ISBL="Isobaric surface"
233,Rain mixing ratio [kg/kg],50000[Pa] ISBL="Isobaric surface"
234,Snow mixing ratio [kg/kg],50000[Pa] ISBL="Isobaric surface"
235,Graupel (snow pellets) [kg/kg],50000[Pa] ISBL="Isobaric surface"
236,Icing severity [-],50000[Pa] ISBL="Isobaric surface"
237,Ozone Mixing Ratio [kg/kg],50000[Pa] ISBL="Isobaric surface"
238,Geopotential height [gpm],55000[Pa] ISBL="Isobaric surface"
239,Temperature [C],55000[Pa] ISBL="Isobaric surface"
240,Relative humidity [%],55000[Pa] ISBL="Isobaric surface"
241,Total cloud cover [%],55000[Pa] ISBL="Isobaric surface"
242,Vertical velocity (pressure) [Pa/s],55000[Pa] ISBL="Isobaric surface"
243,Verical velocity (geometric) [m/s],55000[Pa] ISBL="Isobaric surface"
244,u-component of wind [m/s],55000[Pa] ISBL="Isobaric surface"
245,v-component of wind [m/s],55000[Pa] ISBL="Isobaric surface"
246,Absolute vorticity [1/s],55000[Pa] ISBL="Isobaric surface"
247,Cloud mixing ratio [kg/kg],55000[Pa] ISBL="Isobaric surface"
248,Ice water mixing ratio [kg/kg],55000[Pa] ISBL="Isobaric surface"
249,Rain mixing ratio [kg/kg],55000[Pa] ISBL="Isobaric surface"
250,Snow mixing ratio [kg/kg],55000[Pa] ISBL="Isobaric surface"
251,Graupel (snow pellets) [kg/kg],55000[Pa] ISBL="Isobaric surface"
252,Icing severity [-],55000[Pa] ISBL="Isobaric surface"
253,Geopotential height [gpm],60000[Pa] ISBL="Isobaric surface"
254,Temperature [C],60000[Pa] ISBL="Isobaric surface"
255,Relative humidity [%],60000[Pa] ISBL="Isobaric surface"
256,Total cloud cover [%],60000[Pa] ISBL="Isobaric surface"
257,Vertical velocity (pressure) [Pa/s],60000[Pa] ISBL="Isobaric surface"
258,Verical velocity (geometric) [m/s],60000[Pa] ISBL="Isobaric surface"
259,u-component of wind [m/s],60000[Pa] ISBL="Isobaric surface"
260,v-component of wind [m/s],60000[Pa] ISBL="Isobaric surface"
261,Absolute vorticity [1/s],60000[Pa] ISBL="Isobaric surface"
262,Cloud mixing ratio [kg/kg],60000[Pa] ISBL="Isobaric surface"
263,Ice water mixing ratio [kg/kg],60000[Pa] ISBL="Isobaric surface"
264,Rain mixing ratio [kg/kg],60000[Pa] ISBL="Isobaric surface"
265,Snow mixing ratio [kg/kg],60000[Pa] ISBL="Isobaric surface"
266,Graupel (snow pellets) [kg/kg],60000[Pa] ISBL="Isobaric surface"
267,Icing severity [-],60000[Pa] ISBL="Isobaric surface"
268,Geopotential height [gpm],65000[Pa] ISBL="Isobaric surface"
269,Temperature [C],65000[Pa] ISBL="Isobaric surface"
270,Relative humidity [%],65000[Pa] ISBL="Isobaric surface"
271,Total cloud cover [%],65000[Pa] ISBL="Isobaric surface"
272,Vertical velocity (pressure) [Pa/s],65000[Pa] ISBL="Isobaric surface"
273,Verical velocity (geometric) [m/s],65000[Pa] ISBL="Isobaric surface"
274,u-component of wind [m/s],65000[Pa] ISBL="Isobaric surface"
275,v-component of wind [m/s],65000[Pa] ISBL="Isobaric surface"
276,Absolute vorticity [1/s],65000[Pa] ISBL="Isobaric surface"
277,Cloud mixing ratio [kg/kg],65000[Pa] ISBL="Isobaric surface"
278,Ice water mixing ratio [kg/kg],65000[Pa] ISBL="Isobaric surface"
279,Rain mixing ratio [kg/kg],65000[Pa] ISBL="Isobaric surface"
280,Snow mixing ratio [kg/kg],65000[Pa] ISBL="Isobaric surface"
281,Graupel (snow pellets) [kg/kg],65000[Pa] ISBL="Isobaric surface"
282,Icing severity [-],65000[Pa] ISBL="Isobaric surface"
283,Geopotential height [gpm],70000[Pa] ISBL="Isobaric surface"
284,Temperature [C],70000[Pa] ISBL="Isobaric surface"
285,Relative humidity [%],70000[Pa] ISBL="Isobaric surface"
286,Total cloud cover [%],70000[Pa] ISBL="Isobaric surface"
287,Vertical velocity (pressure) [Pa/s],70000[Pa] ISBL="Isobaric surface"
288,Verical velocity (geometric) [m/s],70000[Pa] ISBL="Isobaric surface"
289,u-component of wind [m/s],70000[Pa] ISBL="Isobaric surface"
290,v-component of wind [m/s],70000[Pa] ISBL="Isobaric surface"
291,Absolute vorticity [1/s],70000[Pa] ISBL="Isobaric surface"
292,Cloud mixing ratio [kg/kg],70000[Pa] ISBL="Isobaric surface"
293,Ice water mixing ratio [kg/kg],70000[Pa] ISBL="Isobaric surface"
294,Rain mixing ratio [kg/kg],70000[Pa] ISBL="Isobaric surface"
295,Snow mixing ratio [kg/kg],70000[Pa] ISBL="Isobaric surface"
296,Graupel (snow pellets) [kg/kg],70000[Pa] ISBL="Isobaric surface"
297,Icing severity [-],70000[Pa] ISBL="Isobaric surface"
298,Ozone Mixing Ratio [kg/kg],70000[Pa] ISBL="Isobaric surface"
299,Geopotential height [gpm],75000[Pa] ISBL="Isobaric surface"
300,Temperature [C],75000[Pa] ISBL="Isobaric surface"
301,Relative humidity [%],75000[Pa] ISBL="Isobaric surface"
302,Total cloud cover [%],75000[Pa] ISBL="Isobaric surface"
303,Vertical velocity (pressure) [Pa/s],75000[Pa] ISBL="Isobaric surface"
304,Verical velocity (geometric) [m/s],75000[Pa] ISBL="Isobaric surface"
305,u-component of wind [m/s],75000[Pa] ISBL="Isobaric surface"
306,v-component of wind [m/s],75000[Pa] ISBL="Isobaric surface"
307,Absolute vorticity [1/s],75000[Pa] ISBL="Isobaric surface"
308,Cloud mixing ratio [kg/kg],75000[Pa] ISBL="Isobaric surface"
309,Ice water mixing ratio [kg/kg],75000[Pa] ISBL="Isobaric surface"
310,Rain mixing ratio [kg/kg],75000[Pa] ISBL="Isobaric surface"
311,Snow mixing ratio [kg/kg],75000[Pa] ISBL="Isobaric surface"
312,Graupel (snow pellets) [kg/kg],75000[Pa] ISBL="Isobaric surface"
313,Icing severity [-],75000[Pa] ISBL="Isobaric surface"
314,Geopotential height [gpm],80000[Pa] ISBL="Isobaric surface"
315,Temperature [C],80000[Pa] ISBL="Isobaric surface"
316,Relative humidity [%],80000[Pa] ISBL="Isobaric surface"
317,Total cloud cover [%],80000[Pa] ISBL="Isobaric surface"
318,Vertical velocity (pressure) [Pa/s],80000[Pa] ISBL="Isobaric surface"
319,Verical velocity (geometric) [m/s],80000[Pa] ISBL="Isobaric surface"
320,u-component of wind [m/s],80000[Pa] ISBL="Isobaric surface"
321,v-component of wind [m/s],80000[Pa] ISBL="Isobaric surface"
322,Absolute vorticity [1/s],80000[Pa] ISBL="Isobaric surface"
323,Cloud mixing ratio [kg/kg],80000[Pa] ISBL="Isobaric surface"
324,Ice water mixing ratio [kg/kg],80000[Pa] ISBL="Isobaric surface"
325,Rain mixing ratio [kg/kg],80000[Pa] ISBL="Isobaric surface"
326,Snow mixing ratio [kg/kg],80000[Pa] ISBL="Isobaric surface"
327,Graupel (snow pellets) [kg/kg],80000[Pa] ISBL="Isobaric surface"
328,Icing severity [-],80000[Pa] ISBL="Isobaric surface"
329,Geopotential height [gpm],85000[Pa] ISBL="Isobaric surface"
330,Temperature [C],85000[Pa] ISBL="Isobaric surface"
331,Relative humidity [%],85000[Pa] ISBL="Isobaric surface"
332,Total cloud cover [%],85000[Pa] ISBL="Isobaric surface"
333,Vertical velocity (pressure) [Pa/s],85000[Pa] ISBL="Isobaric surface"
334,Verical velocity (geometric) [m/s],85000[Pa] ISBL="Isobaric surface"
335,u-component of wind [m/s],85000[Pa] ISBL="Isobaric surface"
336,v-component of wind [m/s],85000[Pa] ISBL="Isobaric surface"
337,Absolute vorticity [1/s],85000[Pa] ISBL="Isobaric surface"
338,Cloud mixing ratio [kg/kg],85000[Pa] ISBL="Isobaric surface"
339,Ice water mixing ratio [kg/kg],85000[Pa] ISBL="Isobaric surface"
340,Rain mixing ratio [kg/kg],85000[Pa] ISBL="Isobaric surface"
341,Snow mixing ratio [kg/kg],85000[Pa] ISBL="Isobaric surface"
342,Graupel (snow pellets) [kg/kg],85000[Pa] ISBL="Isobaric surface"
343,Icing severity [-],85000[Pa] ISBL="Isobaric surface"
344,Ozone Mixing Ratio [kg/kg],85000[Pa] ISBL="Isobaric surface"
345,Geopotential height [gpm],90000[Pa] ISBL="Isobaric surface"
346,Temperature [C],90000[Pa] ISBL="Isobaric surface"
347,Relative humidity [%],90000[Pa] ISBL="Isobaric surface"
348,Total cloud cover [%],90000[Pa] ISBL="Isobaric surface"
349,Vertical velocity (pressure) [Pa/s],90000[Pa] ISBL="Isobaric surface"
350,Verical velocity (geometric) [m/s],90000[Pa] ISBL="Isobaric surface"
351,u-component of wind [m/s],90000[Pa] ISBL="Isobaric surface"
352,v-component of wind [m/s],90000[Pa] ISBL="Isobaric surface"
353,Absolute vorticity [1/s],90000[Pa] ISBL="Isobaric surface"
354,Cloud mixing ratio [kg/kg],90000[Pa] ISBL="Isobaric surface"
355,Ice water mixing ratio [kg/kg],90000[Pa] ISBL="Isobaric surface"
356,Rain mixing ratio [kg/kg],90000[Pa] ISBL="Isobaric surface"
357,Snow mixing ratio [kg/kg],90000[Pa] ISBL="Isobaric surface"
358,Graupel (snow pellets) [kg/kg],90000[Pa] ISBL="Isobaric surface"
359,Icing severity [-],90000[Pa] ISBL="Isobaric surface"
360,Geopotential height [gpm],92500[Pa] ISBL="Isobaric surface"
361,Temperature [C],92500[Pa] ISBL="Isobaric surface"
362,Relative humidity [%],92500[Pa] ISBL="Isobaric surface"
363,Total cloud cover [%],92500[Pa] ISBL="Isobaric surface"
364,Vertical velocity (pressure) [Pa/s],92500[Pa] ISBL="Isobaric surface"
365,Verical velocity (geometric) [m/s],92500[Pa] ISBL="Isobaric surface"
366,u-component of wind [m/s],92500[Pa] ISBL="Isobaric surface"
367,v-component of wind [m/s],92500[Pa] ISBL="Isobaric surface"
368,Absolute vorticity [1/s],92500[Pa] ISBL="Isobaric surface"
369,Cloud mixing ratio [kg/kg],92500[Pa] ISBL="Isobaric surface"
370,Ice water mixing ratio [kg/kg],92500[Pa] ISBL="Isobaric surface"
371,Rain mixing ratio [kg/kg],92500[Pa] ISBL="Isobaric surface"
372,Snow mixing ratio [kg/kg],92500[Pa] ISBL="Isobaric surface"
373,Graupel (snow pellets) [kg/kg],92500[Pa] ISBL="Isobaric surface"
374,Geopotential height [gpm],95000[Pa] ISBL="Isobaric surface"
375,Temperature [C],95000[Pa] ISBL="Isobaric surface"
376,Relative humidity [%],95000[Pa] ISBL="Isobaric surface"
377,Total cloud cover [%],95000[Pa] ISBL="Isobaric surface"
378,Vertical velocity (pressure) [Pa/s],95000[Pa] ISBL="Isobaric surface"
379,Verical velocity (geometric) [m/s],95000[Pa] ISBL="Isobaric surface"
380,u-component of wind [m/s],95000[Pa] ISBL="Isobaric surface"
381,v-component of wind [m/s],95000[Pa] ISBL="Isobaric surface"
382,Absolute vorticity [1/s],95000[Pa] ISBL="Isobaric surface"
383,Cloud mixing ratio [kg/kg],95000[Pa] ISBL="Isobaric surface"
384,Ice water mixing ratio [kg/kg],95000[Pa] ISBL="Isobaric surface"
385,Rain mixing ratio [kg/kg],95000[Pa] ISBL="Isobaric surface"
386,Snow mixing ratio [kg/kg],95000[Pa] ISBL="Isobaric surface"
387,Graupel (snow pellets) [kg/kg],95000[Pa] ISBL="Isobaric surface"
388,Icing severity [-],95000[Pa] ISBL="Isobaric surface"
389,|(prodType 2, cat 4, subcat 2) [-]|,0[-] SFC="Ground or water surface"
390,Geopotential height [gpm],97500[Pa] ISBL="Isobaric surface"
391,Temperature [C],97500[Pa] ISBL="Isobaric surface"
392,Relative humidity [%],97500[Pa] ISBL="Isobaric surface"
393,Total cloud cover [%],97500[Pa] ISBL="Isobaric surface"
394,Vertical velocity (pressure) [Pa/s],97500[Pa] ISBL="Isobaric surface"
395,Verical velocity (geometric) [m/s],97500[Pa] ISBL="Isobaric surface"
396,u-component of wind [m/s],97500[Pa] ISBL="Isobaric surface"
397,v-component of wind [m/s],97500[Pa] ISBL="Isobaric surface"
398,Absolute vorticity [1/s],97500[Pa] ISBL="Isobaric surface"
399,Cloud mixing ratio [kg/kg],97500[Pa] ISBL="Isobaric surface"
400,Ice water mixing ratio [kg/kg],97500[Pa] ISBL="Isobaric surface"
401,Rain mixing ratio [kg/kg],97500[Pa] ISBL="Isobaric surface"
402,Snow mixing ratio [kg/kg],97500[Pa] ISBL="Isobaric surface"
403,Graupel (snow pellets) [kg/kg],97500[Pa] ISBL="Isobaric surface"
404,Temperature [C],100000[Pa] ISBL="Isobaric surface"
405,Relative humidity [%],100000[Pa] ISBL="Isobaric surface"
406,Total cloud cover [%],100000[Pa] ISBL="Isobaric surface"
407,Vertical velocity (pressure) [Pa/s],100000[Pa] ISBL="Isobaric surface"
408,Verical velocity (geometric) [m/s],100000[Pa] ISBL="Isobaric surface"
409,u-component of wind [m/s],100000[Pa] ISBL="Isobaric surface"
410,v-component of wind [m/s],100000[Pa] ISBL="Isobaric surface"
411,Absolute vorticity [1/s],100000[Pa] ISBL="Isobaric surface"
412,Cloud mixing ratio [kg/kg],100000[Pa] ISBL="Isobaric surface"
413,Ice water mixing ratio [kg/kg],100000[Pa] ISBL="Isobaric surface"
414,Rain mixing ratio [kg/kg],100000[Pa] ISBL="Isobaric surface"
415,Snow mixing ratio [kg/kg],100000[Pa] ISBL="Isobaric surface"
416,Graupel (snow pellets) [kg/kg],100000[Pa] ISBL="Isobaric surface"
417,Icing severity [-],100000[Pa] ISBL="Isobaric surface"
418,Ozone Mixing Ratio [kg/kg],100000[Pa] ISBL="Isobaric surface"
419,MSLP (Eta model reduction) [Pa],0[-] MSL="Mean sea level"
420,Geopotential height [gpm],100000[Pa] ISBL="Isobaric surface"
421,Pressure [Pa],0[-] SFC="Ground or water surface"
422,Geopotential height [gpm],0[-] SFC="Ground or water surface"
423,Temperature [C],0[-] SFC="Ground or water surface"
424,Soil temperature [C],0-0.1[m] DBLL="Depth below land surface"
425,Volumetric Soil Moisture Content [Fraction],0-0.1[m] DBLL="Depth below land surface"
426,Soil temperature [C],0.1-0.4[m] DBLL="Depth below land surface"
427,Volumetric Soil Moisture Content [Fraction],0.1-0.4[m] DBLL="Depth below land surface"
428,Soil temperature [C],0.4-1[m] DBLL="Depth below land surface"
429,Volumetric Soil Moisture Content [Fraction],0.4-1[m] DBLL="Depth below land surface"
430,Soil temperature [C],1-2[m] DBLL="Depth below land surface"
431,Volumetric Soil Moisture Content [Fraction],1-2[m] DBLL="Depth below land surface"
432,Water equivalent of accumulated snow depth [kg/(m^2)],0[-] SFC="Ground or water surface"
433,Snow depth [m],0[-] SFC="Ground or water surface"
434,Potential Evaporation Rate [W/(m^2)],0[-] SFC="Ground or water surface"
435,Temperature [C],2[m] HTGL="Specified height level above ground"
436,Specific humidity [kg/kg],2[m] HTGL="Specified height level above ground"
437,Dew point temperature [C],2[m] HTGL="Specified height level above ground"
438,Relative humidity [%],2[m] HTGL="Specified height level above ground"
439,|(prodType 0, cat 0, subcat 21) [-]|,2[m] HTGL="Specified height level above ground"
440,Maximum temperature [C],2[m] HTGL="Specified height level above ground"
441,Minimum temperature [C],2[m] HTGL="Specified height level above ground"
442,u-component of wind [m/s],10[m] HTGL="Specified height level above ground"
443,v-component of wind [m/s],10[m] HTGL="Specified height level above ground"
444,Ice growth rate [m/s],10[m] GPML="Specific altitude above mean sea level"
445,Percent frozen precipitation [%],0[-] SFC="Ground or water surface"
446,Convective precipitation rate [kg/(m^2*s)],0[-] SFC="Ground or water surface"
447,Precipitation rate [kg/(m^2 s)],0[-] SFC="Ground or water surface"
448,Convective Precipitation Rate [kg/(m^2*s)],0[-] SFC="Ground or water surface"
449,Precipitation rate [kg/(m^2 s)],0[-] SFC="Ground or water surface"
450,06 hr Total precipitation [kg/(m^2)],0[-] SFC="Ground or water surface"
451,42 hr Total precipitation [kg/(m^2)],0[-] SFC="Ground or water surface"
452,Convective precipitation [kg/(m^2)],0[-] SFC="Ground or water surface"
453,Convective precipitation [kg/(m^2)],0[-] SFC="Ground or water surface"
454,Water runoff [kg/(m^2)],0[-] SFC="Ground or water surface"
455,Categorical Snow [0=no; 1=yes],0[-] SFC="Ground or water surface"
456,Categorical Ice Pellets [0=no; 1=yes],0[-] SFC="Ground or water surface"
457,Categorical Freezing Rain [0=no; 1=yes],0[-] SFC="Ground or water surface"
458,Categorical Rain [0=no; 1=yes],0[-] SFC="Ground or water surface"
459,Categorical Snow [0=no; 1=yes],0[-] SFC="Ground or water surface"
460,Categorical Ice Pellets [0=no; 1=yes],0[-] SFC="Ground or water surface"
461,Categorical Freezing Rain [0=no; 1=yes],0[-] SFC="Ground or water surface"
462,Categorical Rain [0=no; 1=yes],0[-] SFC="Ground or water surface"
463,Latent heat net flux [W/(m^2)],0[-] SFC="Ground or water surface"
464,Sensible heat net flux [W/(m^2)],0[-] SFC="Ground or water surface"
465,Ground Heat Flux [W/(m^2)],0[-] SFC="Ground or water surface"
466,Momentum flux; u component [N/(m^2)],0[-] SFC="Ground or water surface"
467,Momentum flux; v component [N/(m^2)],0[-] SFC="Ground or water surface"
468,Zonal Flux of Gravity Wave Stress [N/(m^2)],0[-] SFC="Ground or water surface"
469,Meridional Flux of Gravity Wave Stress [N/(m^2)],0[-] SFC="Ground or water surface"
470,Wilting Point [Fraction],0[-] SFC="Ground or water surface"
471,Field Capacity [fraction],0[-] SFC="Ground or water surface"
472,SunShine duration [s],0[-] SFC="Ground or water surface"
473,Surface Lifted Index [C],0[-] SFC="Ground or water surface"
474,Convective available potential energy [J/kg],0[-] SFC="Ground or water surface"
475,Convective inhibition [J/kg],0[-] SFC="Ground or water surface"
476,Precipitable water [kg/(m^2)],0[-] EATM="Entire atmosphere (considered as a single layer)"
477,Cloud water [kg/(m^2)],0[-] EATM="Entire atmosphere (considered as a single layer)"
478,Relative humidity [%],0[-] EATM="Entire atmosphere (considered as a single layer)"
479,Total ozone [Dobson],0[-] EATM="Entire atmosphere (considered as a single layer)"
480,Total cloud cover [%],0[-] LCY="Low cloud level"
481,Total cloud cover [%],0[-] MCY="Middle cloud level"
482,Total cloud cover [%],0[-] HCY="High cloud level"
483,Total cloud cover [%],0[-] RESERVED(10) (Reserved)
484,Pressure [Pa],0[-] CCBL="Convective cloud bottom level"
485,Pressure [Pa],0[-] LCBL="Low cloud bottom level"
486,Pressure [Pa],0[-] MCBL="Middle cloud bottom level"
487,Pressure [Pa],0[-] HCBL="High cloud bottom level"
488,Pressure [Pa],0[-] CCTL="Convective cloud top level"
489,Pressure [Pa],0[-] LCTL="Low cloud top level"
490,Pressure [Pa],0[-] MCTL="Middle cloud top level"
491,Pressure [Pa],0[-] HCTL="High cloud top level"
492,Temperature [C],0[-] LCTL="Low cloud top level"
493,Temperature [C],0[-] MCTL="Middle cloud top level"
494,Temperature [C],0[-] HCTL="High cloud top level"
495,Total cloud cover [%],0[-] CCY="Convective cloud level"
496,Total cloud cover [%],0[-] BCY="Boundary layer cloud level"
497,Cloud Work Function [J/kg],0[-] EATM="Entire atmosphere (considered as a single layer)"
498,Downward Short-Wave Rad. Flux [W/(m^2)],0[-] SFC="Ground or water surface"
499,Downward Long-Wave Rad. Flux [W/(m^2)],0[-] SFC="Ground or water surface"
500,Upward Short-Wave Rad. Flux [W/(m^2)],0[-] SFC="Ground or water surface"
501,Upward Long-Wave Rad. Flux [W/(m^2)],0[-] SFC="Ground or water surface"
502,Upward Short-Wave Rad. Flux [W/(m^2)],0[-] NTAT="Nominal top of atmosphere"
503,Upward Long-Wave Rad. Flux [W/(m^2)],0[-] NTAT="Nominal top of atmosphere"
504,Storm relative helicity [J/kg],3000-0[m] HTGL="Specified height level above ground"
505,U-Component Storm Motion [m/s],6000-0[m] HTGL="Specified height level above ground"
506,V-Component Storm Motion [m/s],6000-0[m] HTGL="Specified height level above ground"
507,Pressure [Pa],0[-] TRO="Tropopause"
508,ICAO Standard Atmosphere Reference Height [m],0[-] TRO="Tropopause"
509,Geopotential height [gpm],0[-] TRO="Tropopause"
510,Temperature [C],0[-] TRO="Tropopause"
511,u-component of wind [m/s],0[-] TRO="Tropopause"
512,v-component of wind [m/s],0[-] TRO="Tropopause"
513,Vertical speed sheer [1/s],0[-] TRO="Tropopause"
514,Pressure [Pa],0[-] MWSL="Maximum wind level"
515,ICAO Standard Atmosphere Reference Height [m],0[-] MWSL="Maximum wind level"
516,Geopotential height [gpm],0[-] MWSL="Maximum wind level"
517,u-component of wind [m/s],0[-] MWSL="Maximum wind level"
518,v-component of wind [m/s],0[-] MWSL="Maximum wind level"
519,Temperature [C],0[-] MWSL="Maximum wind level"
520,u-component of wind [m/s],20[m] HTGL="Specified height level above ground"
521,v-component of wind [m/s],20[m] HTGL="Specified height level above ground"
522,u-component of wind [m/s],30[m] HTGL="Specified height level above ground"
523,v-component of wind [m/s],30[m] HTGL="Specified height level above ground"
524,u-component of wind [m/s],40[m] HTGL="Specified height level above ground"
525,v-component of wind [m/s],40[m] HTGL="Specified height level above ground"
526,u-component of wind [m/s],50[m] HTGL="Specified height level above ground"
527,v-component of wind [m/s],50[m] HTGL="Specified height level above ground"
528,Temperature [C],80[m] HTGL="Specified height level above ground"
529,Specific humidity [kg/kg],80[m] HTGL="Specified height level above ground"
530,Pressure [Pa],80[m] HTGL="Specified height level above ground"
531,u-component of wind [m/s],80[m] HTGL="Specified height level above ground"
532,v-component of wind [m/s],80[m] HTGL="Specified height level above ground"
533,Temperature [C],100[m] HTGL="Specified height level above ground"
534,u-component of wind [m/s],100[m] HTGL="Specified height level above ground"
535,v-component of wind [m/s],100[m] HTGL="Specified height level above ground"
536,Temperature [C],1829[m] GPML="Specific altitude above mean sea level"
537,u-component of wind [m/s],1829[m] GPML="Specific altitude above mean sea level"
538,v-component of wind [m/s],1829[m] GPML="Specific altitude above mean sea level"
539,Temperature [C],2743[m] GPML="Specific altitude above mean sea level"
540,u-component of wind [m/s],2743[m] GPML="Specific altitude above mean sea level"
541,v-component of wind [m/s],2743[m] GPML="Specific altitude above mean sea level"
542,Temperature [C],3658[m] GPML="Specific altitude above mean sea level"
543,u-component of wind [m/s],3658[m] GPML="Specific altitude above mean sea level"
544,v-component of wind [m/s],3658[m] GPML="Specific altitude above mean sea level"
545,Geopotential height [gpm],0[-] 0DEG="Level of 0 degree C isotherm"
546,Relative humidity [%],0[-] 0DEG="Level of 0 degree C isotherm"
547,Geopotential height [gpm],0[-] HTFL="Highest tropospheric freezing level"
548,Relative humidity [%],0[-] HTFL="Highest tropospheric freezing level"
549,Temperature [C],3000-0[Pa] SPDL="Level at specified pressure difference from ground to level"
550,Relative humidity [%],3000-0[Pa] SPDL="Level at specified pressure difference from ground to level"
551,Specific humidity [kg/kg],3000-0[Pa] SPDL="Level at specified pressure difference from ground to level"
552,u-component of wind [m/s],3000-0[Pa] SPDL="Level at specified pressure difference from ground to level"
553,v-component of wind [m/s],3000-0[Pa] SPDL="Level at specified pressure difference from ground to level"
554,Best (4 layer) Lifted Index [C],0[-] SFC="Ground or water surface"
555,Convective available potential energy [J/kg],18000-0[Pa] SPDL="Level at specified pressure difference from ground to level"
556,Convective inhibition [J/kg],18000-0[Pa] SPDL="Level at specified pressure difference from ground to level"
557,Planetary Boundary Layer Height [m],0[-] SFC="Ground or water surface"
558,Relative humidity [%],0.33-1['sigma' value] SIGL="Sigma level"
559,Relative humidity [%],0.44-1['sigma' value] SIGL="Sigma level"
560,Relative humidity [%],0.72-0.94['sigma' value] SIGL="Sigma level"
561,Relative humidity [%],0.44-0.72['sigma' value] SIGL="Sigma level"
562,Temperature [C],0.995['sigma' value] SIGL="Sigma level"
563,Potential temperature [C],0.995['sigma' value] SIGL="Sigma level"
564,Relative humidity [%],0.995['sigma' value] SIGL="Sigma level"
565,u-component of wind [m/s],0.995['sigma' value] SIGL="Sigma level"
566,v-component of wind [m/s],0.995['sigma' value] SIGL="Sigma level"
567,Vertical velocity (pressure) [Pa/s],0.995['sigma' value] SIGL="Sigma level"
568,Convective available potential energy [J/kg],25500-0[Pa] SPDL="Level at specified pressure difference from ground to level"
569,Convective inhibition [J/kg],25500-0[Pa] SPDL="Level at specified pressure difference from ground to level"
570,Pressure of level from which parcel was lifted [Pa],25500-0[Pa] SPDL="Level at specified pressure difference from ground to level"
571,Land cover (1=land; 2=sea) [Proportion],0[-] SFC="Ground or water surface"
572,Ice cover [Proportion],0[-] SFC="Ground or water surface"
573,Albedo [%],0[-] SFC="Ground or water surface"
574,u-component of wind [m/s],0.000002[(K m^2)/(kg s)] PVL="Potential vorticity surface"
575,v-component of wind [m/s],0.000002[(K m^2)/(kg s)] PVL="Potential vorticity surface"
576,Temperature [C],0.000002[(K m^2)/(kg s)] PVL="Potential vorticity surface"
577,Geopotential height [gpm],0.000002[(K m^2)/(kg s)] PVL="Potential vorticity surface"
578,Pressure [Pa],0.000002[(K m^2)/(kg s)] PVL="Potential vorticity surface"
579,Vertical speed sheer [1/s],0.000002[(K m^2)/(kg s)] PVL="Potential vorticity surface"
580,u-component of wind [m/s],-0.000002[(K m^2)/(kg s)] PVL="Potential vorticity surface"
581,v-component of wind [m/s],-0.000002[(K m^2)/(kg s)] PVL="Potential vorticity surface"
582,Temperature [C],-0.000002[(K m^2)/(kg s)] PVL="Potential vorticity surface"
583,Geopotential height [gpm],-0.000002[(K m^2)/(kg s)] PVL="Potential vorticity surface"
584,Pressure [Pa],-0.000002[(K m^2)/(kg s)] PVL="Potential vorticity surface"
585,Vertical speed sheer [1/s],-0.000002[(K m^2)/(kg s)] PVL="Potential vorticity surface"
586,Pressure reduced to MSL [Pa],0[-] MSL="Mean sea level"
587,5-Wave Geopotential Height [gpm],50000[Pa] ISBL="Isobaric surface"
